{"Index": "IXIC", "Date": "1979-09-17", "Open": 150.460007, "High": 150.460007, "Low": 150.460007, "Close": 150.460007, "Adj Close": 150.460007, "Volume": 0.0, "CloseUSD": 150.460007}